url,name,sku
https://www.lowes.com//pd/Whirlpool-26-2-cu-ft-4-Door-French-Door-Refrigerator-with-Ice-Maker-Fingerprint-Resistant-Stainless-Steel/1000318967,Whirlpool 26.2-cu ft 4-Door 36-in French Door Refrigerator with Exterior Drawer - Fingerprint Resistant Stainless Steel,1000318967
https://www.lowes.com//collections/LG-French-Door-Refrigerator-Electric-Range-Suite/GR_320,LG French Door Refrigerator & Electric Range Suite,GR_320
https://www.lowes.com//pd/Cafe-27-8-cu-ft-French-Door-Refrigerator-with-Ice-Maker-Fingerprint-Resistant-Matte-White-ENERGY-STAR/1000544103,Cafe 27.8-cu ft French Door Refrigerator with Ice Maker (Fingerprint-Resistant Matte White) ENERGY STAR,1000544103
https://www.lowes.com//collections/Haier-French-Door-Refrigerator-Electric-Range-Suite-in-Stainless-Steel/GR_401,Haier French Door Refrigerator & Electric Range Suite in Stainless Steel,GR_401
https://www.lowes.com//pd/Fisher-Paykel-16-8-cu-ft-Counter-depth-Built-In-French-Door-Refrigerator-with-Ice-Maker-Fingerprint-Resistant-Custom-Panel-Ready-ENERGY-STAR/1000561963,Fisher & Paykel 16.8-cu ft Counter-depth Built-In French Door Refrigerator with Ice Maker (Fingerprint-Resistant Custom Panel Ready) ENERGY STAR,1000561963
https://www.lowes.com//pd/Maytag-20-5-cu-ft-Top-Freezer-Refrigerator-White/1000106801,Maytag 20.5-cu ft Top-Freezer Refrigerator with Optional Ice Maker Kit - White Ice,1000106801
https://www.lowes.com//pd/KitchenAid-5-1-cu-ft-Built-In-Freestanding-Mini-Fridge-Stainless-Steel/50409148,KitchenAid 5.1-cu ft Built-In/Freestanding Mini Fridge (Stainless Steel),50409148
https://www.lowes.com//pd/Hisense-4-4-cu-ft-Freezerless-Refrigerator-Black-SS-Look-ENERGY-STAR/1002981222,Hisense 4.4-cu ft Freestanding Mini Fridge (Black Stainless Steel),1002981222
https://www.lowes.com//pd/Hisense-2-7-cu-ft-Freezerless-Refrigerator-Black-ENERGY-STAR/1002981216,Hisense 2.7-cu ft Freestanding Mini Fridge (Black),1002981216
https://www.lowes.com//pd/Hisense-3-3-cu-ft-Freezerless-Refrigerator-Sliver-ENERGY-STAR/1002927610,Hisense 3.3-cu ft Freestanding Mini Fridge (Silver),1002927610
https://www.lowes.com//pd/Hisense-4-4-cu-ft-Top-Freezer-Refrigerator-Silver-ENERGY-STAR/1002981218,Hisense 4.4-cu ft Freestanding Mini Fridge Freezer Compartment (Silver),1002981218
https://www.lowes.com//pd/Hisense-4-4-cu-ft-Freezerless-Refrigerator-Sliver-ENERGY-STAR/1002927622,Hisense 4.4-cu ft Freestanding Mini Fridge (Silver),1002927622
https://www.lowes.com//pd/Hisense-1-7-cu-ft-Freezerless-Refrigerator-Black-ENERGY-STAR/1002981220,Hisense 1.7-cu ft Freestanding Mini Fridge (Black),1002981220
https://www.lowes.com//pd/Hisense-3-3-cu-ft-Top-Freezer-Refrigerator-Silver-ENERGY-STAR/1002922034,Hisense 3.3-cu ft Freestanding Mini Fridge Freezer Compartment (Silver),1002922034
https://www.lowes.com//pd/Hisense-2-7-cu-ft-Freezerless-Refrigerator-Silver-ENERGY-STAR/1002981228,Hisense 2.7-cu ft Freestanding Mini Fridge (Silver),1002981228
https://www.lowes.com//pd/Hisense-4-4-cu-ft-Counter-depth-Top-Freezer-Refrigerator-Black-Ss-Look-ENERGY-STAR/1002927634,Hisense 4.4-cu ft Freestanding Mini Fridge Freezer Compartment (Black Stainless Steel),1002927634
https://www.lowes.com//pd/KitchenAid-5-1-cu-ft-Built-In-Freestanding-Mini-Fridge-Stainless-Steel/50409138,KitchenAid 5.1-cu ft Built-In/Freestanding Mini Fridge (Stainless Steel),50409138
https://www.lowes.com//pd/KitchenAid-4-9-cu-ft-Built-In-Freestanding-Mini-Fridge-Panel-Ready/50409150,KitchenAid 4.9-cu ft Built-In/Freestanding Mini Fridge (Panel Ready),50409150
https://www.lowes.com//pd/KitchenAid-21-9-cu-ft-Counter-depth-French-Door-Refrigerator-with-Ice-Maker-Stainless-Steel/50426210,KitchenAid 21.9-cu ft 3-Door Counter-Depth 36-in French Door Refrigerator with Interior Dispense - Stainless Steel,50426210
https://www.lowes.com//pd/KitchenAid-22-07-cu-ft-Bottom-Freezer-Refrigerator-Stainless-Steel-ENERGY-STAR/50426184,KitchenAid 22.07-cu ft Bottom-Freezer Refrigerator (Stainless Steel) ENERGY STAR,50426184
https://www.lowes.com//pd/KitchenAid-19-7-cu-ft-French-Door-Refrigerator-with-Ice-Maker-Stainless-Steel/50415266,KitchenAid 19.7-cu ft 3-Door Standard-Depth 30-in French Door Refrigerator with Interior Dispense - Stainless Steel,50415266
https://www.lowes.com//pd/KitchenAid-24-8-cu-ft-Side-by-Side-Refrigerator-with-Ice-Maker-Fingerprint-Resistant-Stainless-Steel-ENERGY-STAR/1001426452,KitchenAid 24.8-cu ft Side-by-Side Refrigerator with Ice Maker (Fingerprint-Resistant Stainless Steel) ENERGY STAR,1001426452
https://www.lowes.com//pd/KitchenAid-24-8-cu-ft-Side-by-Side-Refrigerator-with-Ice-Maker-Fingerprint-Resistant-Black-Stainless-ENERGY-STAR/1001254552,KitchenAid 24.8-cu ft Side-by-Side Refrigerator with Ice Maker (Fingerprint-Resistant Black Stainless) ENERGY STAR,1001254552
https://www.lowes.com//pd/KitchenAid-22-6-cu-ft-Counter-Depth-Side-by-Side-Refrigerator-with-Ice-Maker-Fingerprint-Resistant-Stainless-Steel/1001254484,KitchenAid 22.6-cu ft Counter-Depth Side-by-Side Refrigerator with Ice Maker (Fingerprint-Resistant Stainless Steel),1001254484
https://www.lowes.com//collections/KitchenAid-French-Door-Refrigerator-Gas-Cooktop-Suite-in-Stainless-Steel/GR_365,KitchenAid French-Door Refrigerator & Gas Cooktop Suite in Stainless Steel,GR_365
https://www.lowes.com//pd/KitchenAid-25-8-cu-ft-5-Door-French-Door-Refrigerator-with-Ice-Maker-Stainless-Steel/50413062,"KitchenAid 25.8-cu ft 5-Door 36-in French Door Refrigerator, Platinum Interior Design - Stainless Steel with PrintShield Finish",50413062
https://www.lowes.com//pd/KitchenAid-23-8-cu-ft-Counter-Depth-French-Door-Refrigerator-with-Ice-Maker-Fingerprint-Resistant-Stainless-Steel/1000384977,KitchenAid 23.8-cu ft 3-Door Counter-Depth 36-in French Door Refrigerator - Stainless Steel with PrintShield Finish,1000384977
https://www.lowes.com//collections/KitchenAid-20-cu-ft-French-Door-Refrigerator-Electric-Range-Suite-in-Stainless-Steel/GR_371,KitchenAid 20-cu ft French Door Refrigerator & Electric Range Suite in Stainless Steel,GR_371
https://www.lowes.com//pd/KitchenAid-20-cu-ft-Counter-depth-French-Door-Refrigerator-with-Ice-Maker-Stainless-Steel-ENERGY-STAR/50383140,KitchenAid 20-cu ft 3-Door Counter-Depth 36-in French Door Refrigerator with Interior Dispense - Stainless Steel,50383140
https://www.lowes.com//pd/Maytag-22-1-cu-ft-Bottom-Freezer-Refrigerator-with-Ice-Maker-Fingerprint-Resistant-Stainless-Steel-ENERGY-STAR/1000102963,Maytag 22.1-cu ft Bottom-Freezer Refrigerator with Ice Maker (Fingerprint-Resistant Stainless Steel) ENERGY STAR,1000102963
https://www.lowes.com//pd/Maytag-20-cu-ft-Counter-depth-French-Door-Refrigerator-with-Ice-Maker-Fingerprint-Resistant-Stainless-Steel-ENERGY-STAR/1000126961,Maytag 20-cu ft Counter-depth French Door Refrigerator with Ice Maker (Fingerprint-Resistant Stainless Steel) ENERGY STAR,1000126961
https://www.lowes.com//pd/Maytag-21-7-cu-ft-French-Door-Refrigerator-with-Ice-Maker-Black/1000156557,Maytag 21.7-cu ft French Door Refrigerator with Ice Maker (Black),1000156557
https://www.lowes.com//pd/Maytag-21-7-cu-ft-French-Door-Refrigerator-with-Ice-Maker-White/1000156561,Maytag 21.7-cu ft French Door Refrigerator with Ice Maker (White),1000156561
https://www.lowes.com//collections/Maytag-Top-Freezer-Refrigerator-Electric-Range-Suite-in-Fingerprint-Resistant-Stainless-Steel/GR_337,Maytag Top-Freezer Refrigerator & Electric Range Suite in Fingerprint-Resistant Stainless Steel,GR_337
https://www.lowes.com//pd/Maytag-18-2-cu-ft-Top-Freezer-Refrigerator-Fingerprint-Resistant-Stainless-Steel/1000113133,Maytag 18.2-cu ft Top-Freezer Refrigerator with Optional Ice Maker Kit - Fingerprint Resistant Stainless Steel,1000113133
https://www.lowes.com//pd/Maytag-18-2-cu-ft-Top-Freezer-Refrigerator-White/1000113117,Maytag 18.2-cu ft Top-Freezer Refrigerator with Optional Ice Maker Kit - White Ice,1000113117
https://www.lowes.com//pd/Maytag-24-7-cu-ft-French-Door-Refrigerator-with-Ice-Maker-White-ENERGY-STAR/1000156563,Maytag 24.7-cu ft French Door Refrigerator with Ice Maker (White) ENERGY STAR,1000156563
https://www.lowes.com//pd/Maytag-20-5-cu-ft-Top-Freezer-Refrigerator-Fingerprint-Resistant-Stainless-Steel/1000113149,Maytag 20.5-cu ft Top-Freezer Refrigerator with PowerCold Feature and Optional Ice Maker Kit - Fingerprint Resistant Stainless Steel,1000113149
https://www.lowes.com//pd/Maytag-18-2-cu-ft-Top-Freezer-Refrigerator-Black/1000113109,Maytag 18.2-cu ft Top-Freezer Refrigerator with PowerCold Feature and Optional Ice Maker Kit - Black Ice,1000113109
https://www.lowes.com//collections/Maytag-French-Door-Refrigerator-Electric-Range-in-Fingerprint-Resistant-Stainless-Steel/GR_367,Maytag French Door Refrigerator & Electric Range in Fingerprint-Resistant Stainless Steel,GR_367
https://www.lowes.com//pd/Maytag-24-7-cu-ft-French-Door-Refrigerator-with-Ice-Maker-Fingerprint-Resistant-Stainless-Steel-ENERGY-STAR/1000121079,Maytag 24.7-cu ft 3-Door 36-in French Door Refrigerator with Power Cold Feature - Fingerprint Resistant Stainless Steel,1000121079
https://www.lowes.com//collections/Maytag-Side-by-Side-Refrigerator-Electric-Range-Suite-in-Fingerprint-Resistant-Stainless-Steel/GR_398,Maytag Side-by-Side Refrigerator & Electric Range Suite in Fingerprint-Resistant Stainless Steel,GR_398
https://www.lowes.com//pd/Maytag-24-9-cu-ft-Side-by-Side-Refrigerator-Fingerprint-Resistant-Stainless-Steel/1002648582,Maytag 24.9-cu ft Side-by-Side Refrigerator (Fingerprint-Resistant Stainless Steel),1002648582
https://www.lowes.com//pd/Fisher-Paykel-16-8-cu-ft-Counter-depth-Built-In-French-Door-Refrigerator-with-Ice-Maker-Fingerprint-Resistant-Custom-Panel-Ready/1000606017,Fisher & Paykel 16.8-cu ft Counter-depth Built-In French Door Refrigerator with Ice Maker (Fingerprint-Resistant Custom Panel Ready),1000606017
https://www.lowes.com//pd/Fisher-Paykel-17-1-cu-ft-Counter-depth-Bottom-Freezer-Refrigerator-with-Ice-Maker-Fingerprint-Resistant-Stainless-Steel-ENERGY-STAR/1000604783,Fisher & Paykel 17.1-cu ft Counter-depth Bottom-Freezer Refrigerator with Ice Maker (Fingerprint-Resistant Stainless Steel) ENERGY STAR,1000604783
https://www.lowes.com//pd/Fisher-Paykel-13-5-cu-ft-Counter-depth-Bottom-Freezer-Refrigerator-Fingerprint-Resistant-Stainless-Steel/1000616761,Fisher & Paykel 13.5-cu ft Counter-depth Bottom-Freezer Refrigerator (Fingerprint-Resistant Stainless Steel),1000616761
https://www.lowes.com//pd/Fisher-Paykel-20-1-cu-ft-Counter-depth-French-Door-Refrigerator-White-ENERGY-STAR/1000625107,Fisher & Paykel 20.1-cu ft Counter-depth French Door Refrigerator (White) ENERGY STAR,1000625107
https://www.lowes.com//pd/Fisher-Paykel-ActiveSmart-13-4-cu-ft-Counter-depth-Bottom-Freezer-Refrigerator-with-Ice-Maker-Fingerprint-Resistant-Stainless-Steel/1000580057,Fisher & Paykel ActiveSmart 13.4-cu ft Counter-depth Bottom-Freezer Refrigerator with Ice Maker (Fingerprint-Resistant Stainless Steel),1000580057
https://www.lowes.com//pd/Fisher-Paykel-4-17-1-cu-ft-Counter-depth-Bottom-Freezer-Refrigerator-Fingerprint-Resistant-Ezkleen-Stainless-Steel/1000694528,Fisher & Paykel 4 17.1-cu ft Counter-Depth Bottom-Freezer Refrigerator (Fingerprint-Resistant Stainless Steel),1000694528
https://www.lowes.com//pd/Fisher-Paykel-13-4-cu-ft-Bottom-Freezer-Refrigerator-Single-Ice-Maker-Stainless-steel-ENERGY-STAR/1002891480,Fisher & Paykel 13.4-cu ft Counter-Depth Bottom-Freezer Refrigerator with Ice Maker (Fingerprint-Resistant Stainless Steel) ENERGY STAR,1002891480
https://www.lowes.com//pd/Fisher-Paykel-4-16-9-cu-ft-Counter-depth-French-Door-Refrigerator-Fingerprint-Resistant-Ezkleen-Stainless-Steel/1000609379,Fisher & Paykel 4 16.9-cu ft Counter-Depth French Door Refrigerator (Fingerprint-Resistant Stainless Steel),1000609379
https://www.lowes.com//pd/Fisher-Paykel-12-1-cu-ft-French-Door-Refrigerator-with-Ice-Maker-Stainless-steel/1002839388,Fisher & Paykel 16.9-cu ft Counter-Depth French Door Refrigerator with Ice Maker (Fingerprint-Resistant Stainless Steel),1002839388
https://www.lowes.com//pd/Fisher-Paykel-RF170A-16-9-cu-ft-Counter-depth-French-Door-Refrigerator-with-Ice-Maker-Fingerprint-Resistant-Black-Stainless-Steel-ENERGY-STAR/1000696180,Fisher & Paykel RF170A 16.9-cu ft Counter-depth French Door Refrigerator with Ice Maker (Fingerprint-Resistant Black Stainless Steel) ENERGY STAR,1000696180
https://www.lowes.com//pd/Fisher-Paykel-16-8-cu-ft-Counter-depth-Built-In-French-Door-Refrigerator-with-Ice-Maker-Fingerprint-Resistant-Custom-Panel-Ready-ENERGY-STAR/1000577623,Fisher & Paykel 16.8-cu ft Counter-depth Built-In French Door Refrigerator with Ice Maker (Fingerprint-Resistant Custom Panel Ready) ENERGY STAR,1000577623
https://www.lowes.com//pd/Haier-16-4-cu-ft-4-Door-Counter-depth-French-Door-Refrigerator-Stainless-Steel-ENERGY-STAR/1000183555,Haier 16.4-cu ft 4-Door Counter-depth French Door Refrigerator (Stainless Steel) ENERGY STAR,1000183555
https://www.lowes.com//pd/Haier-27-cu-ft-French-Door-Refrigerator-with-Ice-Maker-Stainless-Steel-ENERGY-STAR/1000815456,Haier 27-cu ft French Door Refrigerator with Ice Maker (Stainless Steel) ENERGY STAR,1000815456
https://www.lowes.com//pd/Haier-27-cu-ft-French-Door-Refrigerator-with-Ice-Maker-Black-Stainless-ENERGY-STAR/1000815460,Haier 27-cu ft French Door Refrigerator with Ice Maker (Black Stainless) ENERGY STAR,1000815460
https://www.lowes.com//collections/Haier-Bottom-Freezer-Refrigerator-Gas-Range-Suite-in-Stainless-Steel/GR_402,Haier Bottom-Freezer Refrigerator & Gas Range Suite in Stainless Steel,GR_402
https://www.lowes.com//pd/Haier-15-cu-ft-Bottom-Freezer-Refrigerator-Stainless-Steel-ENERGY-STAR/1000183181,Haier 15-cu ft Bottom-Freezer Refrigerator (Stainless Steel) ENERGY STAR,1000183181
https://www.lowes.com//collections/Haier-French-Door-Refrigerator-Gas-Range-Suite-in-Stainless-Steel/GR_299,Haier French Door Refrigerator & Gas Range Suite in Stainless Steel,GR_299
https://www.lowes.com//pd/Haier-15-cu-ft-4-Door-Counter-depth-French-Door-Refrigerator-Stainless-Steel/1000183553,Haier 15-cu ft 4-Door Counter-depth French Door Refrigerator (Stainless Steel),1000183553
https://www.lowes.com//pd/Haier-9-8-cu-ft-Top-Freezer-Refrigerator-Black/1000366387,Haier 9.8-cu ft Top-Freezer Refrigerator (Black),1000366387
https://www.lowes.com//pd/Haier-9-8-cu-ft-Top-Freezer-Refrigerator-Stainless/1000366389,Haier 9.8-cu ft Top-Freezer Refrigerator (Stainless),1000366389
https://www.lowes.com//pd/Haier-9-8-cu-ft-Top-Freezer-Refrigerator-White/1000366385,Haier 9.8-cu ft Top-Freezer Refrigerator (White),1000366385
https://www.lowes.com//pd/Cafe-23-1-cu-ft-Counter-depth-French-Door-Refrigerator-with-Ice-Maker-Fingerprint-Resistant-Matte-White-ENERGY-STAR/1000544055,Cafe 23.1-cu ft Counter-depth French Door Refrigerator with Ice Maker (Fingerprint-Resistant Matte White) ENERGY STAR,1000544055
https://www.lowes.com//pd/Cafe-27-8-cu-ft-French-Door-Refrigerator-with-Ice-Maker-Fingerprint-Resistant-Matte-Black-ENERGY-STAR/1000544091,Cafe 27.8-cu ft French Door Refrigerator with Ice Maker (Fingerprint-Resistant Matte Black) ENERGY STAR,1000544091
https://www.lowes.com//pd/Cafe-22-2-cu-ft-Counter-depth-French-Door-Refrigerator-with-Ice-Maker-Fingerprint-Resistant-Matte-Black-ENERGY-STAR/1000544067,Cafe 22.2-cu ft Counter-depth French Door Refrigerator with Ice Maker (Fingerprint-Resistant Matte Black) ENERGY STAR,1000544067
https://www.lowes.com//pd/Cafe-23-1-cu-ft-Counter-depth-French-Door-Refrigerator-with-Ice-Maker-Fingerprint-Resistant-Matte-Black-ENERGY-STAR/1000544043,Cafe 23.1-cu ft Counter-depth French Door Refrigerator with Ice Maker (Fingerprint-Resistant Matte Black) ENERGY STAR,1000544043
https://www.lowes.com//pd/Cafe-Samrt-24-5-cu-ft-Built-In-Side-by-Side-Refrigerator-with-Ice-Maker-Stainless-Steel/1002541552,Cafe Samrt 24.5-cu ft Built-In Side-by-Side Refrigerator with Ice Maker (Stainless Steel),1002541552
https://www.lowes.com//pd/Cafe-Samrt-28-7-cu-ft-Built-In-Side-by-Side-Refrigerator-with-Ice-Maker-Stainless-Steel/1002541560,Cafe Samrt 28.7-cu ft Built-In Side-by-Side Refrigerator with Ice Maker (Stainless Steel),1002541560
https://www.lowes.com//pd/Cafe-27-4-cu-ft-4-Door-French-Door-Refrigerator-with-Ice-Maker-Platinum-Glass-ENERGY-STAR/1002541544,Cafe Modern Glass 27.4-cu ft 4-Door French Door Refrigerator with Ice Maker (Platinum Glass) ENERGY STAR,1002541544
https://www.lowes.com//pd/Cafe-Smart-27-8-cu-ft-4-Door-French-Door-Refrigerator-with-Ice-Maker-Platinum-Glass-ENERGY-STAR/1001167508,Cafe Modern Glass 27.8-cu ft 4-Door French Door Refrigerator with Ice Maker (Platinum Glass) ENERGY STAR,1001167508
https://www.lowes.com//pd/Cafe-18-6-cu-ft-Counter-depth-French-Door-Refrigerator-with-Ice-Maker-Fingerprint-Resistant-Matte-White-ENERGY-STAR/1000955580,Cafe 18.6-cu ft Counter-depth French Door Refrigerator with Ice Maker (Fingerprint-Resistant Matte White) ENERGY STAR,1000955580
https://www.lowes.com//pd/Cafe-Smart-27-8-cu-ft-4-Door-French-Door-Refrigerator-with-Ice-Maker-Fingerprint-Resistant-Stainless-Steel-ENERGY-STAR/1001167486,Cafe Smart 27.8-cu ft 4-Door French Door Refrigerator with Ice Maker (Fingerprint-Resistant Stainless Steel) ENERGY STAR,1001167486
https://www.lowes.com//pd/Cafe-Smart-27-8-cu-ft-4-Door-French-Door-Refrigerator-with-Ice-Maker-Fingerprint-Resistant-Matte-White-ENERGY-STAR/1001167442,Cafe Smart 27.8-cu ft 4-Door French Door Refrigerator with Ice Maker (Fingerprint-Resistant Matte White) ENERGY STAR,1001167442
https://www.lowes.com//pd/LG-21-8-cu-ft-French-Door-Refrigerator-with-Ice-Maker-Stainless-Steel-ENERGY-STAR/1000551617,LG 21.8-cu ft French Door Refrigerator with Ice Maker (Stainless Steel) ENERGY STAR,1000551617
https://www.lowes.com//pd/Hisense-17-1-cu-ft-Counter-depth-Bottom-Freezer-Refrigerator-Stainless-Steel-ENERGY-STAR/1001105742,Hisense 17.1-cu ft Counter-depth Bottom-Freezer Refrigerator (Stainless Steel) ENERGY STAR,1001105742
https://www.lowes.com//pd/Frigidaire-22-cu-ft-Side-by-Side-Refrigerator-with-Ice-Maker-EasyCare-Stainless-Steel/1000245227,Frigidaire 22-cu ft Side-by-Side Refrigerator with Ice Maker (EasyCare Stainless Steel),1000245227
https://www.lowes.com//pd/Samsung-Family-Hub-Family-Hub-27-7-cu-ft-4-Door-French-Door-Refrigerator-with-Ice-Maker-Fingerprint-Resistant-Stainless-Steel-ENERGY-STAR/1000948432,Samsung Family Hub Family Hub 27.7-cu ft 4-Door French Door Refrigerator with Ice Maker (Fingerprint-Resistant Stainless Steel) ENERGY STAR,1000948432
https://www.lowes.com//collections/Frigidaire-Top-Freezer-Refrigerator-Gas-Range-Suite-in-EasyCare-Stainless-Steel/GR_330,Frigidaire Top-Freezer Refrigerator & Gas Range Suite in EasyCare™ Stainless Steel,GR_330
https://www.lowes.com//pd/Frigidaire-20-4-cu-ft-Top-Freezer-Refrigerator-EasyCare-Stainless-Steel/1000255015,Frigidaire 20.4-cu ft Top-Freezer Refrigerator (EasyCare Stainless Steel),1000255015
https://www.lowes.com//collections/Whirlpool-Side-by-Side-Refrigerator-Gas-Range-Suite-in-Stainless-Steel/GR_370,Whirlpool Side-by-Side Refrigerator & Gas Range Suite in Stainless Steel.,GR_370
https://www.lowes.com//pd/Whirlpool-21-4-cu-ft-Side-by-Side-Refrigerator-with-Ice-Maker-Fingerprint-Resistant-Stainless-Steel/1000332339,Whirlpool 21.4-cu ft Side-by-Side Refrigerator with Ice Maker (Fingerprint-Resistant Stainless Steel),1000332339
https://www.lowes.com//collections/Whirlpool-24-6-cu-ft-Side-by-Side-Refrigerator-Electric-Range-Suite-in-Fingerprint-Resistant-Stainless-Steel/GR_386,Whirlpool 24.6-cu ft Side-by-Side Refrigerator & Electric Range Suite in Fingerprint-Resistant Stainless Steel,GR_386
https://www.lowes.com//pd/Whirlpool-24-6-cu-ft-Side-by-Side-Refrigerator-with-Ice-Maker-Fingerprint-Resistant-Stainless-Steel/1000422565,Whirlpool 24.6-cu ft Side-by-Side Refrigerator with Ice Maker (Fingerprint-Resistant Stainless Steel),1000422565
https://www.lowes.com//pd/Hisense-26-6-cu-ft-French-Door-Refrigerator-with-Ice-Maker-Fingerprint-Resistant-Stainless-Steel-ENERGY-STAR/1003213836,Hisense 26.6-cu ft French Door Refrigerator with Ice Maker (Fingerprint-Resistant Stainless Steel) ENERGY STAR,1003213836
https://www.lowes.com//collections/Whirlpool-French-Door-Refrigerator-Electric-Range-Suite-in-Fingerprint-Resistant-Stainless-Steel/GR_303,Whirlpool French-Door Refrigerator & Electric Range Suite in Fingerprint-Resistant Stainless Steel,GR_303
https://www.lowes.com//pd/Whirlpool-25-2-cu-ft-French-Door-Refrigerator-with-Ice-Maker-Fingerprint-Resistant-Stainless-Steel-ENERGY-STAR/1000228559,Whirlpool 25.2-cu ft 3-Door 36-in French Door Refrigerator with Ice Maker and Interior Water Dispenser - Fingerprint Resistant Stainless Steel,1000228559
https://www.lowes.com//pd/Whirlpool-28-4-cu-ft-Side-by-Side-Refrigerator-with-Ice-Maker-Fingerprint-Resistant-Stainless-Steel/1000236845,Whirlpool 28.4-cu ft Side-by-Side Refrigerator with Ice Maker (Fingerprint-Resistant Stainless Steel),1000236845
https://www.lowes.com//collections/Frigidaire-French-Door-Refrigerator-Gas-Range-Suite-in-EasyCare-Stainless-Steel/GR_339,Frigidaire French Door Refrigerator & Gas Range Suite in EasyCare™ Stainless Steel,GR_339
https://www.lowes.com//pd/Frigidaire-26-8-cu-ft-French-Door-Refrigerator-with-Ice-Maker-EasyCare-Stainless-Steel-ENERGY-STAR/1000225693,Frigidaire 26.8-cu ft French Door Refrigerator with Ice Maker (EasyCare Stainless Steel) ENERGY STAR,1000225693
https://www.lowes.com//collections/Whirlpool-French-Door-Refrigerator-Electric-Range-Suite-in-Fingerprint-Resistant-Stainless-Steel/GR_399,Whirlpool French Door Refrigerator & Electric Range Suite in Fingerprint-Resistant Stainless Steel,GR_399
https://www.lowes.com//pd/Whirlpool-24-5-cu-ft-4-Door-French-Door-Refrigerator-with-Ice-Maker-Fingerprint-Resistant-Stainless-Steel-ENERGY-STAR/1000257811,Whirlpool 24.5-cu ft 4-Door 36-in French Door Refrigerator with Exterior Ice and Water Dispenser - Fingerprint Resistant Stainless Steel,1000257811
https://www.lowes.com//collections/Frigidaire-Side-by-Side-Refrigerator-Gas-Range-Suite-in-EasyCare-Stainless-Steel/GR_331,Frigidaire Side-by-Side Refrigerator & Gas Range Suite in EasyCare™ Stainless Steel,GR_331
https://www.lowes.com//pd/Frigidaire-25-5-cu-ft-Side-by-Side-Refrigerator-with-Ice-Maker-EasyCare-Stainless-Steel/1000245233,Frigidaire 25.5-cu ft Side-by-Side Refrigerator with Ice Maker (EasyCare Stainless Steel),1000245233
https://www.lowes.com//pd/EdgeStar-Quarter-Barrel-Keg-Black-Digital-Kegerator/1001301020,EdgeStar Quarter-Barrel Keg Black Digital Kegerator,1001301020
https://www.lowes.com//pd/Premium-Levella-34-Bottle-Capacity-Stainless-Steel-Wine-Chiller/1002550532,Premium Levella 34-Bottle Capacity Stainless Steel Wine Chiller,1002550532
https://www.lowes.com//pd/Avallon-140-Can-Capacity-5-7-cu-ft-Residential-Stainless-Steel-Beverage-Center/1001305178,Avallon 140-Can Capacity (5.7-cu ft) Residential Stainless Steel Beverage Center,1001305178
https://www.lowes.com//pd/MARVEL-Built-in-Double-Drawer-Refrigerator-Panel-Ready/1000639845,MARVEL 24-in Built-In 2 Drawer Refrigerator (Panel Ready),1000639845
https://www.lowes.com//pd/KitchenAid-20-8-cu-ft-Built-In-French-Door-Refrigerator-with-Ice-Maker-Stainless-Steel/50331731,KitchenAid 20.8-cu ft 3-Door 36-in Built-in French Door Refrigerator with Platinum Interior Design - Stainless Steel,50331731
https://www.lowes.com//collections/GE-Side-by-Side-Refrigerator-Gas-Range-Suite-in-Stainless-Steel/GR_321,GE Side by Side Refrigerator & Gas Range Suite in Stainless Steel,GR_321
https://www.lowes.com//collections/LG-French-Door-InstaView-Door-in-Door-Refrigerator-Electric-Range-Suite-in-Fingerprint-Resistant-Black-Stainless-Steel/GR_532,LG French Door InstaView™ Door-in-Door® Refrigerator & Electric Range Suite in Fingerprint-Resistant Black Stainless Steel,GR_532
https://www.lowes.com//collections/LG-French-Door-Refrigerator-Electric-Range-Suite-in-Stainless-Steel/GR_306,LG French Door Refrigerator & Electric Range Suite in Stainless Steel,GR_306
https://www.lowes.com//pd/LG-Craft-Ice-Smart-Wi-Fi-Enabled-23-5-cu-ft-Counter-Depth-French-Door-Refrigerator-with-Dual-Ice-Maker-and-Door-within-Door-Fingerprint-Resistant-Stainless-Steel-ENERGY-STAR/1001157718,LG Craft Ice Smart Wi-Fi Enabled 23.5-cu ft Counter-Depth French Door Refrigerator with Dual Ice Maker and Door within Door (Fingerprint-Resistant Stainless Steel) ENERGY STAR,1001157718
https://www.lowes.com//collections/Samsung-French-Door-Refrigerator-Gas-Range-Suite-in-Fingerprint-Resistant-Black-Stainless-Steel/GR_368,Samsung French Door Refrigerator & Gas Range Suite in Fingerprint-Resistant Black Stainless Steel,GR_368
https://www.lowes.com//pd/Samsung-27-cu-ft-French-Door-Refrigerator-with-Dual-Ice-Maker-Fingerprint-Resistant-Black-Stainless-Steel-ENERGY-STAR/1002683240,Samsung 27-cu ft French Door Refrigerator with Dual Ice Maker (Fingerprint-Resistant Black Stainless Steel) ENERGY STAR,1002683240
https://www.lowes.com//pd/Samsung-27-cu-ft-French-Door-Refrigerator-with-Dual-Ice-Maker-Fingerprint-Resistant-Stainless-Steel-ENERGY-STAR/1002683282,Samsung 27-cu ft French Door Refrigerator with Dual Ice Maker (Fingerprint-Resistant Stainless Steel) ENERGY STAR,1002683282
https://www.lowes.com//pd/Frigidaire-Gallery-21-7-cu-ft-Counter-depth-French-Door-Refrigerator-with-Dual-Ice-Maker-Smudge-Proof-Stainless-Steel-ENERGY-STAR/1000289721,Frigidaire Gallery 21.7-cu ft Counter-depth French Door Refrigerator with Dual Ice Maker (Smudge-Proof Stainless Steel) ENERGY STAR,1000289721
https://www.lowes.com//pd/Frigidaire-Gallery-26-8-cu-ft-French-Door-Refrigerator-with-Dual-Ice-Maker-Smudge-Proof-Stainless-Steel-ENERGY-STAR/1000289717,Frigidaire Gallery 26.8-cu ft French Door Refrigerator with Dual Ice Maker (Smudge-Proof Stainless Steel) ENERGY STAR,1000289717
https://www.lowes.com//pd/LG-Smart-Wi-Fi-Enabled-26-2-cu-ft-French-Door-Refrigerator-with-Dual-Ice-Maker-Fingerprint-Resistant-Stainless-Steel-ENERGY-STAR/1000571911,LG Smart Wi-Fi Enabled 26.2-cu ft French Door Refrigerator with Dual Ice Maker (Fingerprint-Resistant Stainless Steel) ENERGY STAR,1000571911
https://www.lowes.com//pd/Samsung-Family-Hub-26-7-cu-ft-Side-by-Side-Refrigerator-with-Ice-Maker-Fingerprint-Resistant-Stainless-Steel-ENERGY-STAR/1002238386,Samsung Family Hub 26.7-cu ft Side-by-Side Refrigerator with Ice Maker (Fingerprint-Resistant Stainless Steel) ENERGY STAR,1002238386
https://www.lowes.com//pd/Samsung-Family-Hub-Family-Hub-26-5-cu-ft-French-Door-Refrigerator-with-Ice-Maker-Fingerprint-Resistant-Stainless-Steel-ENERGY-STAR/1002692794,Samsung Family Hub Family Hub 26.5-cu ft French Door Refrigerator with Ice Maker (Fingerprint-Resistant Stainless Steel) ENERGY STAR,1002692794
https://www.lowes.com//pd/Bosch-800-21-cu-ft-4-Door-Counter-depth-French-Door-Refr/1001330226,Bosch 800 21-cu ft 4-Door Counter-depth French Door Refrigerator with Ice Maker (Fingerprint-Resistant Stainless Steel) ENERGY STAR,1001330226
https://www.lowes.com//pd/Samsung-Family-Hub-Family-Hub-24-2-cu-ft-French-Door-Refrigerator-with-Ice-Maker-Stainless-Steel-ENERGY-STAR/1002692824,Samsung Family Hub Family Hub 25.1-cu ft French Door Refrigerator with Ice Maker (Stainless Steel) ENERGY STAR,1002692824
https://www.lowes.com//pd/Samsung-28-cu-ft-4-Door-French-Door-Refrigerator-with-Ice-Maker-Fingerprint-Resistant-Stainless-Steel-ENERGY-STAR/1000863994,Samsung 28-cu ft 4-Door French Door Refrigerator with Ice Maker (Fingerprint-Resistant Stainless Steel) ENERGY STAR,1000863994
https://www.lowes.com//pd/Samsung-22-6-cu-ft-4-Door-Counter-depth-French-Door-Refrigerator-with-Ice-Maker-Fingerprint-Resistant-Stainless-Steel-ENERGY-STAR/1000854674,Samsung 22.6-cu ft 4-Door Counter-depth French Door Refrigerator with Ice Maker (Fingerprint-Resistant Stainless Steel) ENERGY STAR,1000854674
https://www.lowes.com//pd/LG-Craft-IceSmart-Wi-Fi-Enabled-29-7-cu-ft-French-Door-Refrigerator-with-Dual-Ice-Maker-and-Door-within-Door-Fingerprint-Resistant-Black-Stainless-Steel-ENERGY-STAR/1001123430,LG Craft IceSmart Wi-Fi Enabled 29.7-cu ft French Door Refrigerator with Dual Ice Maker and Door within Door (Fingerprint-Resistant Black Stainless Steel) ENERGY STAR,1001123430
https://www.lowes.com//pd/LG-Craft-Ice-Smart-Wi-Fi-Enabled-17-cu-ft-4-Door-French-Door-Refrigerator-with-Ice-Maker-with-and-Door-within-Door-Printproof-Stainless-Steel-ENERGY-STAR/1002951124,LG Craft Ice Smart Wi-Fi Enabled 29.5-cu ft 4-Door French Door Refrigerator with Dual Ice Maker and Door within Door (Fingerprint-Resistant Stainless Steel) ENERGY STAR,1002951124
https://www.lowes.com//pd/LG-InstaView-Smart-Wi-Fi-Enabled-26-cu-ft-French-Door-Refrigerator-with-Dual-Ice-Maker-and-Door-within-Door-Fingerprint-Resistant-Black-Stainless-Steel-ENERGY-STAR/1000853132,LG InstaView Smart Wi-Fi Enabled 26-cu ft French Door Refrigerator with Dual Ice Maker and Door within Door (Fingerprint-Resistant Black Stainless Steel) ENERGY STAR,1000853132
https://www.lowes.com//pd/Samsung-Food-Showcase-28-cu-ft-4-Door-French-Door-Refrigerator-with-Ice-Maker-and-Door-within-Door-Fingerprint-Resistant-Stainless-Steel-ENERGY-STAR/1000854710,Samsung Food Showcase 28-cu ft 4-Door French Door Refrigerator with Ice Maker and Door within Door (Fingerprint-Resistant Stainless Steel) ENERGY STAR,1000854710
https://www.lowes.com//collections/Samsung-French-Door-Refrigerator-Electric-Air-Fry-Range-Suite-in-Fingerprint-Resistant-Black-Stainless-Steel/GR_313,Samsung French Door Refrigerator & Electric Air Fry Range Suite in Fingerprint-Resistant Black Stainless Steel,GR_313
https://www.lowes.com//pd/Samsung-Food-Showcase-28-cu-ft-4-Door-French-Door-Refrigerator-with-Ice-Maker-and-Door-within-Door-Fingerprint-Resistant-Black-Stainless-Steel-ENERGY-STAR/1000854746,Samsung Food Showcase 28-cu ft 4-Door French Door Refrigerator with Ice Maker and Door within Door (Fingerprint-Resistant Black Stainless Steel) ENERGY STAR,1000854746
https://www.lowes.com//pd/LG-SIGNATURE-InstaView-14-2-cu-ft-4-Door-French-Door-Refrigerator-with-Ice-Maker-with-and-Door-within-Door-Textured-Steel-ENERGY-STAR/1002860756,LG SIGNATURE InstaView 22.8-cu ft 4-Door Counter-Depth French Door Refrigerator with Ice Maker and Door within Door (Fingerprint-Resistant Textured Steel) ENERGY STAR,1002860756
https://www.lowes.com//pd/LG-InstaView-26-8-cu-ft-Side-by-Side-Refrigerator-with-Ice-Maker-Platinum-Silver/1002543654,LG InstaView 26.8-cu ft Side-by-Side Refrigerator with Ice Maker (Platinum Silver),1002543654
https://www.lowes.com//pd/LG-InstaView-22-6-cu-ft-Counter-Depth-French-Door-Refrigerator-with-Ice-Maker-and-Door-within-Door-Fingerprint-Resistant-Stainless-Steel-ENERGY-STAR/1002194900,LG InstaView 22.6-cu ft Counter-Depth French Door Refrigerator with Ice Maker and Door within Door (Fingerprint-Resistant Stainless Steel) ENERGY STAR,1002194900
https://www.lowes.com//collections/GE-French-Door-Refrigerator-Electric-Range-Suite-in-Fingerprint-Resistant-Stainless-Steel/GR_315,GE French Door Refrigerator & Electric Range Suite in Fingerprint-Resistant Stainless Steel,GR_315
https://www.lowes.com//pd/GE-27-8-cu-ft-French-Door-Refrigerator-with-Ice-Maker-and-Door-within-Door-Fingerprint-Resistant-Stainless-Steel/1000940212,GE 27.8-cu ft French Door Refrigerator with Ice Maker and Door within Door (Fingerprint-Resistant Stainless Steel),1000940212
https://www.lowes.com//pd/LG-InstaView-Smart-Wi-Fi-Enabled-27-6-cu-ft-4-Door-French-Door-Refrigerator-with-Ice-Maker-and-Door-within-Door-Fingerprint-Resistant-Stainless-Steel-ENERGY-STAR/1000852986,LG InstaView Smart Wi-Fi Enabled 27.6-cu ft 4-Door French Door Refrigerator with Ice Maker and Door within Door (Fingerprint-Resistant Stainless Steel) ENERGY STAR,1000852986
https://www.lowes.com//pd/LG-InstaView-27-cu-ft-French-Door-Refrigerator-with-Ice-Maker-and-Door-within-Door-Fingerprint-Resistant-Stainless-Steel-ENERGY-STAR/1000938916,LG InstaView 27-cu ft French Door Refrigerator with Ice Maker and Door within Door (Fingerprint-Resistant Stainless Steel) ENERGY STAR,1000938916
https://www.lowes.com//pd/GE-25-3-cu-ft-Side-by-Side-Refrigerator-with-Ice-Maker-Stainless-Steel/1000225785,GE 25.3-cu ft Side-by-Side Refrigerator with Ice Maker (Stainless Steel),1000225785
https://www.lowes.com//pd/Samsung-28-cu-ft-French-Door-Refrigerator-with-Dual-Ice-Maker-Fingerprint-Resistant-Stainless-Steel-ENERGY-STAR/1000969438,Samsung 28-cu ft French Door Refrigerator with Dual Ice Maker (Fingerprint-Resistant Stainless Steel) ENERGY STAR,1000969438
https://www.lowes.com//collections/Whirlpool-French-Door-Refrigerator-Gas-Range-Suite-in-Fingerprint-Resistant-Stainless-Steel/GR_323,Whirlpool French-Door Refrigerator & Gas Range Suite in Fingerprint-Resistant Stainless Steel,GR_323
https://www.lowes.com//pd/Whirlpool-26-8-cu-ft-French-Door-Refrigerator-with-Dual-Ice-Maker-Fingerprint-Resistant-Stainless-Steel-ENERGY-STAR/1000494367,Whirlpool 26.8-cu ft 3-Door 36-in French Door Refrigerator with Exterior Ice - Water Dispenser and Dual Icemakers - Fingerprint Resistant Stainless Steel,1000494367
https://www.lowes.com//collections/LG-French-Door-Refrigerator-Electric-Range-Suite-in-Fingerprint-Resistant-Stainless-Steel/GR_409,LG French Door Refrigerator & Electric Range Suite in Fingerprint-Resistant Stainless Steel,GR_409
https://www.lowes.com//pd/LG-InstaView-Smart-Wi-Fi-Enabled-26-cu-ft-French-Door-Refrigerator-with-Dual-Ice-Maker-and-Door-within-Door-Fingerprint-Resistant-Stainless-Steel-ENERGY-STAR/1000507575,LG InstaView Smart Wi-Fi Enabled 26-cu ft French Door Refrigerator with Dual Ice Maker and Door within Door (Fingerprint-Resistant Stainless Steel) ENERGY STAR,1000507575
https://www.lowes.com//collections/Samsung-Side-by-Side-Refrigerator-Electric-Range-Suite-in-Stainless-Steel/GR_391,Samsung Side-by-Side Refrigerator & Electric Range Suite in Stainless Steel,GR_391
https://www.lowes.com//pd/Samsung-27-4-cu-ft-Side-by-Side-Refrigerator-with-Ice-Maker-Fingerprint-Resistant-Stainless-Steel/1002238294,Samsung 27.4-cu ft Side-by-Side Refrigerator with Ice Maker (Fingerprint-Resistant Stainless Steel),1002238294
https://www.lowes.com//pd/MARVEL-Low-Profile-4-6-cu-ft-Built-In-Freestanding-Mini-Fridge-Stainless-Steel/50323421,MARVEL Low Profile 4.6-cu ft Built-In/Freestanding Mini Fridge (Stainless Steel),50323421
https://www.lowes.com//pd/KitchenAid-20-8-cu-ft-Built-In-French-Door-Refrigerator-with-Ice-Maker-Panel-Ready/50331729,KitchenAid 20.8-cu ft 3-Door 36-in Built-in Panel Ready French Door Refrigerator with Platinum Interior Design,50331729
https://www.lowes.com//pd/KitchenAid-24-2-cu-ft-Built-In-French-Door-Refrigerator-with-Ice-Maker-Stainless-Steel-ENERGY-STAR/50385668,KitchenAid 24.2-cu ft 3-Door 42-in Built-in French Door Refrigerator with Platinum Interior Design - Stainless Steel,50385668
https://www.lowes.com//pd/GE-5-6-cu-ft-Built-In-Freestanding-Mini-Fridge-Freezer-Compartment-White/50295259,GE 5.6-cu ft Built-In/Freestanding Mini Fridge Freezer Compartment (White),50295259
https://www.lowes.com//pd/Maxximum-Maxximum-5-2-Cu-Ft-Compact-Refrigerator-Stainless-Steel/1002987182,Maxximum 5.2-cu ft Built-In/Freestanding Mini Fridge (Stainless Steel with Black Cabinet),1002987182
https://www.lowes.com//pd/GE-5-6-cu-ft-Built-In-Freestanding-Mini-Fridge-Freezer-Compartment-Black/50288017,GE 5.6-cu ft Built-In/Freestanding Mini Fridge Freezer Compartment (Black),50288017
https://www.lowes.com//pd/Maxximum-Maxximum-5-2-Cu-Ft-Compact-Refrigerator-Stainless-Steel/1002982094,Maxximum 5.2-cu ft Built-In/Freestanding Mini Fridge (Stainless Steel with Black Cabinet),1002982094
https://www.lowes.com//pd/Danby-Danby-ENERGY-STAR-7-3-cu-ft-Built-In-Top-Freezer-Refrigerator-White-ENERGY-STAR/1000700788,Danby Danby ENERGY STAR 7.3-cu ft Built-In Top-Freezer Refrigerator (White) ENERGY STAR,1000700788
https://www.lowes.com//pd/Summit-Appliance-36-In-Under-Counter-French-Door-Refrigerator-Freezer/1003008906,Summit Appliance 5.8-cu ft Undercounter Mini Fridge Freezer Compartment (Stainless Steel Doors and Black Cabinet),1003008906
https://www.lowes.com//pd/GE-5-6-cu-ft-Built-In-Freestanding-Mini-Fridge-Freezer-Compartment-Stainless-Steel/999977480,GE 5.6-cu ft Built-In/Freestanding Mini Fridge Freezer Compartment (Stainless Steel),999977480
https://www.lowes.com//pd/Fisher-Paykel-Cool-Drawer-Built-In-1-Panel-Ready/1000694532,Fisher & Paykel Cool Drawer 34-in Built-In 1 Drawer Refrigerator (Panel Ready),1000694532
https://www.lowes.com//pd/Thor-Kitchen-Built-in-Freestanding-Double-Drawer-Refrigerator-Stainless-steel/1001313434,Thor Kitchen 24-in Built-In/Freestanding 2 Drawer Refrigerator (Stainless Steel),1001313434
https://www.lowes.com//pd/Cafe-Built-In-Freestanding-2-Stainless-Steel/1000868064,Cafe 24-in Built-In/Freestanding 2 Drawer Refrigerator (Stainless Steel),1000868064
https://www.lowes.com//pd/Cafe-Built-In-Freestanding-2-Matte-Black/1000761894,Cafe 24-in Built-In/Freestanding 2 Drawer Refrigerator (Matte Black),1000761894
https://www.lowes.com//pd/KitchenAid-23-75-in-Built-In-Double-Drawer-Refrigerator-Stainless-Steel/50393492,KitchenAid 24-in Built-In 2 Drawer Refrigerator (Stainless Steel),50393492
https://www.lowes.com//pd/KitchenAid-23-75-in-Built-In-Double-Drawer-Refrigerator-Panel-Ready/50393488,KitchenAid 24-in Built-In 2 Drawer Refrigerator (Panel Ready),50393488
https://www.lowes.com//pd/KitchenAid-23-75-in-Built-In-Double-Drawer-Refrigerator-Stainless-Steel/50393490,KitchenAid 24-in Built-In 2 Drawer Refrigerator (Stainless Steel),50393490
https://www.lowes.com//pd/MARVEL-Outdoor-23-875-in-Built-In-Freestanding-Double-Drawer-Refrigerator-Stainless-steel/50371298,MARVEL Outdoor 24-in Built-In/Freestanding 2 Drawer Refrigerator (Stainless Steel),50371298
https://www.lowes.com//pd/KitchenAid-23-75-in-Built-In-Double-Drawer-Refrigerator-Panel-Ready/50393494,KitchenAid 24-in Built-In 2 Drawer Refrigerator (Panel Ready),50393494
https://www.lowes.com//pd/MARVEL-23-875-in-Built-In-Double-Drawer-Refrigerator-Stainless-steel/1000217399,MARVEL 24-in Built-In 2 Drawer Refrigerator (Stainless Steel),1000217399
https://www.lowes.com//pd/Summit-Appliance-Summit-Classic-Collection-Built-In-Freestanding-Double-Drawer-Refrigerator-Stainless-Steel-With-Panel-ready-Drawer-Fronts/1000537551,"Summit Appliance Summit Classic Collection 24-in Built-In/Freestanding 2 Drawer Refrigerator (Stainless Steel, with Panel-Ready Drawer Fronts)",1000537551
https://www.lowes.com//pd/Avallon-140-Can-Capacity-5-7-cu-ft-Residential-Stainless-Steel-Beverage-Center/1001305194,Avallon 140-Can Capacity (5.7-cu ft) Residential Stainless Steel Beverage Center,1001305194
https://www.lowes.com//pd/EdgeStar-53-Can-Capacity-7-75-cu-ft-Residential-Stainless-Steel-Beverage-Center/1001305114,EdgeStar 53-Can Capacity (7.75-cu ft) Residential Stainless Steel Beverage Center,1001305114
https://www.lowes.com//pd/Frigidaire-Gallery-165-Can-Capacity-5-3-cu-ft-Residential-Stainless-Steel-Beverage-Center/1001380842,Frigidaire Gallery 165-Can Capacity (5.3-cu ft) Residential Stainless Steel Beverage Center,1001380842
https://www.lowes.com//pd/EdgeStar-114-Can-Capacity-11-cu-ft-Residential-Stainless-Steel-Beverage-Center/1001305210,EdgeStar 114-Can Capacity (6.64-cu ft) Residential Stainless Steel Beverage Center,1001305210
https://www.lowes.com//pd/EdgeStar-142-Can-Capacity-5-49-cu-ft-Residential-Stainless-Steel-Beverage-Center/1001305098,EdgeStar 142-Can Capacity (5.49-cu ft) Residential Stainless Steel Beverage Center,1001305098
https://www.lowes.com//pd/Haier-150-Can-Capacity-4-36-cu-ft-Residential-Stainless-Steel-Beverage-Center/1000181409,Haier 150-Can Capacity (4.36-cu ft) Residential Stainless Steel Beverage Center,1000181409
https://www.lowes.com//pd/EdgeStar-80-Can-Capacity-4-61-cu-ft-Residential-Black-Cabinet-Stainless-Steel-Door-Beverage-Center/1002803464,EdgeStar 80-Can Capacity (4.61-cu ft) Residential Black Cabinet; Stainless Steel Door Beverage Center,1002803464
https://www.lowes.com//pd/EdgeStar-105-Can-Capacity-6-6-cu-ft-Residential-Black-Cabinet-Stainless-Steel-Door-Beverage-Center/1002803504,EdgeStar 105-Can Capacity (4-cu ft) Residential Black Cabinet; Stainless Steel Door Beverage Center,1002803504
https://www.lowes.com//pd/Frigidaire-38-Can-Capacity-4-6-cu-ft-Residential-Stainless-Steel-Beverage-Center/50160183,Frigidaire 38-Can Capacity (4.6-cu ft) Residential Stainless Steel Beverage Center,50160183
https://www.lowes.com//pd/Hisense-140-Can-Capacity-5-4-cu-ft-Residential-Stainless-Steel-Beverage-Center/1002981224,Hisense 140-Can Capacity (5.4-cu ft) Residential Stainless Steel Beverage Center,1002981224
https://www.lowes.com//pd/Frigidaire-138-Can-Capacity-4-6-cu-ft-Residential-Stainless-Steel-Beverage-Center/50160175,Frigidaire 138-Can Capacity (4.6-cu ft) Residential Stainless Steel Beverage Center,50160175
https://www.lowes.com//pd/Premium-Levella-45-Bottle-Freestanding-Wine-Cooler/1002588438,Premium Levella 45-Bottle Capacity Stainless Steel Dual Zone Cooling Wine Chiller,1002588438
https://www.lowes.com//pd/Hisense-46-Bottle-Capacity-Glass-Door-with-Stainless-Steel-Frame-Dual-Zone-Cooling-Wine-Chiller/1001068252,Hisense 46-Bottle Capacity Glass Door with Stainless Steel Frame Dual Zone Cooling Wine Chiller,1001068252
https://www.lowes.com//pd/EdgeStar-46-Bottle-Capacity-Stainless-Steel-Dual-Zone-Cooling-Wine-Chiller/1001301410,EdgeStar 46-Bottle Capacity Stainless Steel Dual Zone Cooling Wine Chiller,1001301410
https://www.lowes.com//pd/EdgeStar-36-Bottle-Capacity-Stainless-Steel-Dual-Zone-Cooling-Wine-Chiller/1001299342,EdgeStar 36-Bottle Capacity Stainless Steel Dual Zone Cooling Wine Chiller,1001299342
https://www.lowes.com//pd/EdgeStar-26-Bottle-Capacity-Stainless-Steel-Dual-Zone-Cooling-Wine-Chiller/1001301244,EdgeStar 26-Bottle Capacity Stainless Steel Dual Zone Cooling Wine Chiller,1001301244
https://www.lowes.com//pd/Summit-Appliance-21-Bottle-Capacity-Dual-Zone-Cooling-Wine-Chiller/1000541697,Summit Appliance 21-Bottle Capacity Dual Zone Cooling Wine Chiller,1000541697
https://www.lowes.com//pd/Avallon-21-Bottle-Capacity-Stainless-Steel-Wine-Chiller/1001301436,Avallon 21-Bottle Capacity Stainless Steel Wine Chiller,1001301436
https://www.lowes.com//pd/Frigidaire-34-Bottle-Capacity-Black-Wine-Chiller/1001349134,Frigidaire 34-Bottle Capacity Black Wine Chiller,1001349134
https://www.lowes.com//pd/Hisense-54-Bottle-Capacity-Stainess-Steel-Wine-Chiller/1002981226,Hisense 54-Bottle Capacity Stainess Steel Wine Chiller,1002981226
https://www.lowes.com//pd/Frigidaire-24-Bottle-Capacity-Black-Wine-Chiller/1002274914,Frigidaire 24-Bottle Capacity Black Wine Chiller,1002274914
https://www.lowes.com//pd/Frigidaire-52-Bottle-Capacity-Stainless-Steel-Wine-Chiller/1000436083,Frigidaire 52-Bottle Capacity Stainless Steel Wine Chiller,1000436083
https://www.lowes.com//pd/EdgeStar-Half-Barrel-Keg-Black-Digital-Kegerator/1001299790,EdgeStar Half-Barrel Keg Black Digital Kegerator,1001299790
https://www.lowes.com//pd/EdgeStar-Half-Barrel-Keg-Stainless-Steel-Manual-Kegerator/1001299258,EdgeStar Half-Barrel Keg Stainless Steel Manual Kegerator,1001299258
https://www.lowes.com//pd/EdgeStar-Sixth-Barrel-Keg-Stainless-Steel-Digital-Kegerator/1001299090,EdgeStar Sixth-Barrel Keg Stainless Steel Digital Kegerator,1001299090
https://www.lowes.com//pd/EdgeStar-20-in-Wide-Kegerator-and-Keg-Beer-Cooler-for-Full-Size-Kegs/1003138358,EdgeStar 20 -in Wide Kegerator and Keg Beer Cooler for Full Size Kegs,1003138358
https://www.lowes.com//pd/EdgeStar-20-in-Wide-Dual-Tap-Kegerator-for-Full-Size-Kegs-with-Ultra-Low-Temp/1003138360,EdgeStar 20 -in Wide Dual Tap Kegerator for Full Size Kegs with Ultra Low Temp,1003138360
https://www.lowes.com//pd/EdgeStar-Half-Barrel-Keg-Black-Digital-Kegerator/1001300658,EdgeStar Half-Barrel Keg Black Digital Kegerator,1001300658
https://www.lowes.com//pd/EdgeStar-Sixth-Barrel-Keg-Black-Digital-Kegerator/1001300602,EdgeStar Sixth-Barrel Keg Black Digital Kegerator,1001300602
https://www.lowes.com//pd/EdgeStar-Sixth-Barrel-Keg-Stainless-Steel-Digital-Kegerator/1001300546,EdgeStar Sixth-Barrel Keg Stainless Steel Digital Kegerator,1001300546
https://www.lowes.com//pd/EdgeStar-Sixth-barrel-Keg-Black-Cabinet-Stainless-Steel-Door-Digital-Freestanding-Residential-Kegerator/1002803158,EdgeStar Sixth-barrel Keg Black Cabinet; Stainless Steel Door Digital Freestanding Residential Kegerator,1002803158
https://www.lowes.com//pd/EdgeStar-20-in-Wide-Dual-Tap-Kegerator-for-Full-Size-Kegs-with-Ultra-Low-Temp/1003138362,EdgeStar 20 -in Wide Dual Tap Kegerator for Full Size Kegs with Ultra Low Temp,1003138362
https://www.lowes.com//pd/EdgeStar-Sixth-Barrel-Keg-Black-Digital-Kegerator/1001300574,EdgeStar Sixth-Barrel Keg Black Digital Kegerator,1001300574
https://www.lowes.com//pd/Frigidaire-Gallery-25-5-cu-ft-Side-by-Side-Refrigerator-with-Ice-Maker-Smudge-Proof-Stainless-Steel-ENERGY-STAR/1000289709,Frigidaire Gallery 25.5-cu ft Side-by-Side Refrigerator with Ice Maker (Smudge-Proof Stainless Steel) ENERGY STAR,1000289709
https://www.lowes.com//pd/Frigidaire-4-4-cu-ft-Freestanding-Mini-Frid-Black-Stainless-Steel/1000940468,Frigidaire 4.4-cu ft Freestanding Mini Fridge (Black Stainless Steel),1000940468
https://www.lowes.com//pd/Fisher-Paykel-ActiveSmart-16-8-cu-ft-Counter-depth-Bottom-Freezer-Refrigerator-with-Ice-Maker-Fingerprint-Resistant-Custom-Panel-Ready-ENERGY-STAR/1000608153,Fisher & Paykel ActiveSmart 16.8-cu ft Counter-depth Bottom-Freezer Refrigerator with Ice Maker (Fingerprint-Resistant Custom Panel Ready) ENERGY STAR,1000608153
https://www.lowes.com//pd/Frigidaire-25-5-cu-ft-Side-by-Side-Refrigerator-with-Ice-Maker-White/1000245229,Frigidaire 25.5-cu ft Side-by-Side Refrigerator with Ice Maker (White),1000245229
https://www.lowes.com//pd/Whirlpool-24-7-cu-ft-French-Door-Refrigerator-with-Ice-Maker-Fingerprint-Resistant-Black-Stainless-ENERGY-STAR/1000233421,Whirlpool 24.7-cu ft 3-Door 36-in French Door Refrigerator with Exterior Ice and Water Dispenser - Black Stainless,1000233421
https://www.lowes.com//collections/Whirlpool-Side-by-Side-Refrigerator-Electric-Range-Suite-in-Black/GR_412,Whirlpool Side-by-Side Refrigerator & Electric Range Suite in Black,GR_412
https://www.lowes.com//pd/Bosch-Benchmark-16-8-cu-ft-Freezerless-Refrigerator-Sta/1001098126,Bosch Benchmark 16.8-cu ft Freezerless Refrigerator (Stainless Steel) Energy Star,1001098126
https://www.lowes.com//pd/GE-20-9-cu-ft-Bottom-Freezer-Refrigerator-Black-ENERGY-STAR/1000060797,GE 20.9-cu ft Bottom-Freezer Refrigerator (Black) ENERGY STAR,1000060797
https://www.lowes.com//pd/Frigidaire-22-4-cu-ft-Counter-depth-French-Door-Refrigerator-with-Ice-Maker-EasyCare-Stainless-Steel-ENERGY-STAR/1000240811,Frigidaire 22.4-cu ft Counter-depth French Door Refrigerator with Ice Maker (EasyCare Stainless Steel) ENERGY STAR,1000240811
https://www.lowes.com//collections/GE-Top-Freezer-Refrigerator-Electric-Range-Suite-in-Black/GR_312,GE Top-Freezer Refrigerator & Electric Range Suite in Black,GR_312
https://www.lowes.com//pd/GE-16-6-cu-ft-Top-Freezer-Refrigerator-Black-ENERGY-STAR/1001079876,GE 16.6-cu ft Top-Freezer Refrigerator (Black) ENERGY STAR,1001079876
https://www.lowes.com//pd/GE-17-5-cu-ft-Top-Freezer-Refrigerator-with-Ice-Maker-Silver-ENERGY-STAR/1001353368,GE 17.5-cu ft Top-Freezer Refrigerator with Ice Maker (Silver) ENERGY STAR,1001353368
https://www.lowes.com//pd/GE-24-8-cu-ft-French-Door-Refrigerator-with-Ice-Maker-Stainless-Steel-ENERGY-STAR/1001381630,GE 24.8-cu ft French Door Refrigerator with Ice Maker (Stainless Steel) ENERGY STAR,1001381630
https://www.lowes.com//collections/GE-French-Door-Refrigerator-Gas-Cooktop-Suite-in-Stainless-Steel/GR_417,GE French Door Refrigerator & Gas Cooktop Suite in Stainless Steel,GR_417
https://www.lowes.com//pd/GE-25-6-cu-ft-French-Door-Refrigerator-with-Ice-Maker-Fingerprint-Resistant-Stainless-Steel-ENERGY-STAR/1002647504,GE 25.6-cu ft French Door Refrigerator with Ice Maker (Fingerprint-Resistant Stainless Steel) ENERGY STAR,1002647504
https://www.lowes.com//collections/GE-Side-by-Side-21-9-cu-ft-Refrigerator-Electric-Range-Suite-in-Fingerprint-Resistant-Stainless-Steel/GR_529,GE Side by Side 21.9-cu ft Refrigerator & Electric Range Suite in Fingerprint-Resistant Stainless Steel,GR_529
https://www.lowes.com//pd/GE-21-9-cu-ft-Counter-depth-Side-by-Side-Refrigerator-with-Ice-Maker-Fingerprint-Resistant-Stainless-Steel/1000842434,GE 21.9-cu ft Counter-depth Side-by-Side Refrigerator with Ice Maker (Fingerprint-Resistant Stainless Steel),1000842434
https://www.lowes.com//collections/GE-French-Door-Refrigerator-Electric-Range-Suite-in-Fingerprint-Resistant-Stainless-Steel/GR_310,GE French Door Refrigerator & Electric Range Suite in Fingerprint-Resistant Stainless Steel,GR_310
https://www.lowes.com//pd/GE-27-8-cu-ft-French-Door-Refrigerator-with-Ice-Maker-Fingerprint-Resistant-Stainless-Steel-ENERGY-STAR/1002632360,GE 27.8-cu ft French Door Refrigerator with Ice Maker (Fingerprint-Resistant Stainless Steel) ENERGY STAR,1002632360
https://www.lowes.com//pd/Bosch-800-Series-Pro-Handle-21-cu-ft-Counter-depth-Frenc/1001090132,Bosch 800 Series Pro Handle 21-cu ft Counter-depth French Door Refrigerator with Ice Maker (Fingerprint-Resistant Stainless Steel) ENERGY STAR,1001090132
https://www.lowes.com//pd/Bosch-Benchmark-16-cu-ft-Counter-depth-Bottom-Freezer-Re/1001098138,Bosch Benchmark 16-cu ft Counter-depth Bottom-Freezer Refrigerator with Ice Maker (Custom Panel) ENERGY STAR,1001098138
https://www.lowes.com//pd/Bosch-800-21-cu-ft-Counter-depth-French-Door-Refrigerato/1001090120,Bosch 800 21-cu ft Counter-depth French Door Refrigerator with Ice Maker (Fingerprint-Resistant Black Stainless Steel) ENERGY STAR,1001090120
https://www.lowes.com//pd/Bosch-Benchmark-19-4-cu-ft-Counter-depth-Built-In-French/1000750764,Bosch Benchmark 19.4-cu ft Counter-depth Built-In French,1000750764
https://www.lowes.com//pd/Bosch-Benchmark-16-cu-ft-Counter-depth-Bottom-Freezer-Re/1000750740,Bosch Benchmark 16-cu ft Counter-depth Bottom-Freezer Refrigerator with Ice Maker (Stainless Steel) ENERGY STAR,1000750740
https://www.lowes.com//pd/Bosch-500-11-cu-ft-Counter-depth-Bottom-Freezer-Refriger/1000658044,Bosch 500 11-cu ft Counter-depth Bottom-Freezer Refrigerator (Stainless Steel) ENERGY STAR,1000658044
https://www.lowes.com//pd/Bosch-300-20-2-cu-ft-Counter-depth-Side-by-Side-Refriger/1000379109,Bosch 300 20.2-cu ft Counter-depth Side-by-Side Refrigerator with Ice Maker (Fingerprint-Resistant Stainless Steel) ENERGY STAR,1000379109
https://www.lowes.com//pd/Bosch-800-21-cu-ft-Counter-depth-French-Door-Refrigerato/1000977912,Bosch 800 21-cu ft Counter-depth French Door Refrigerator with Ice Maker (Fingerprint-Resistant Stainless Steel) ENERGY STAR,1000977912
https://www.lowes.com//collections/Bosch-French-Door-Refrigerator-Gas-Cooktop-Suite-in-Stainless-Steel/GR_366,Bosch French Door Refrigerator & Gas Cooktop Suite in Stainless Steel,GR_366
https://www.lowes.com//pd/Bosch-800-21-cu-ft-4-Door-Counter-depth-French-Door-Refr/1000973168,Bosch 800 21-cu ft 4-Door Counter-depth French Door Refrigerator with Ice Maker (Fingerprint-Resistant Stainless Steel) ENERGY STAR,1000973168
https://www.lowes.com//pd/Bosch-800-25-cu-ft-French-Door-Refrigerator-with-Ice-Mak/1000342127,Bosch 800 25-cu ft French Door Refrigerator with Ice Maker (Fingerprint-Resistant Stainless Steel) ENERGY STAR,1000342127
https://www.lowes.com//pd/Whirlpool-21-4-cu-ft-Side-by-Side-Refrigerator-with-Single-Ice-Maker-Black/1000332327,Whirlpool 21.4-cu ft Side-by-Side Refrigerator with Single Ice Maker (Black),1000332327
https://www.lowes.com//pd/Frigidaire-20-4-cu-ft-Top-Freezer-Refrigerator-Black/1000226529,Frigidaire 20.4-cu ft Top-Freezer Refrigerator (Black),1000226529
https://www.lowes.com//pd/Frigidaire-18-3-cu-ft-Top-Freezer-Refrigerator-Black/1001165018,Frigidaire 18.3-cu ft Top-Freezer Refrigerator (Black),1001165018
https://www.lowes.com//pd/Frigidaire-18-3-cu-ft-Top-Freezer-Refrigerator-Black-ENERGY-STAR/1001833756,Frigidaire 18.3-cu ft Top-Freezer Refrigerator (Black) ENERGY STAR,1001833756
https://www.lowes.com//pd/Frigidaire-22-cu-ft-Side-by-Side-Refrigerator-with-Ice-Maker-Black/1000245225,Frigidaire 22-cu ft Side-by-Side Refrigerator with Ice Maker (Black),1000245225
https://www.lowes.com//pd/Whirlpool-20-5-cu-ft-Top-Freezer-Refrigerator-Black/50297735,Whirlpool 20.5-cu ft Top-Freezer Refrigerator with Optional Ice Maker Kit - Black,50297735
https://www.lowes.com//pd/Whirlpool-24-5-cu-ft-Side-by-Side-Refrigerator-with-Ice-Maker-Black/1000339951,Whirlpool 24.5-cu ft Side-by-Side Refrigerator with Ice Maker (Black),1000339951
https://www.lowes.com//pd/Frigidaire-18-cu-ft-Top-Freezer-Refrigerator-Black/1000225705,Frigidaire 18-cu ft Top-Freezer Refrigerator (Black),1000225705
https://www.lowes.com//pd/Frigidaire-18-cu-ft-Top-Freezer-Refrigerator-Black/1000225699,Frigidaire 18-cu ft Top-Freezer Refrigerator (Black),1000225699
https://www.lowes.com//pd/Samsung-Family-Hub-Family-Hub-19-1-cu-ft-French-Door-Refrigerator-with-Ice-Maker-Fingerprint-Resistant-Black-Stainless-Steel-ENERGY-STAR/1003051808,Samsung Family Hub Family Hub 27.7-cu ft French Door Refrigerator with Ice Maker (Fingerprint-Resistant Black Stainless Steel) ENERGY STAR,1003051808
https://www.lowes.com//collections/Whirlpool-Side-by-Side-Refrigerator-Electric-Range-Suite-in-Fingerprint-Resistant-Black-Stainless-Steel/GR_316,Whirlpool Side-by-Side Refrigerator & Electric Range Suite in Fingerprint-Resistant Black Stainless Steel,GR_316
https://www.lowes.com//pd/Whirlpool-24-5-cu-ft-Side-by-Side-Refrigerator-with-Ice-Maker-Fingerprint-Resistant-Black-Stainless/1000330345,Whirlpool 24.5-cu ft Side-by-Side Refrigerator with Ice Maker (Fingerprint-Resistant Black Stainless),1000330345
https://www.lowes.com//pd/Whirlpool-25-2-cu-ft-French-Door-Refrigerator-with-Ice-Maker-Fingerprint-Resistant-Black-Stainless-ENERGY-STAR/1000257809,Whirlpool 25.2-cu ft French Door Refrigerator with Ice Maker (Fingerprint-Resistant Black Stainless) ENERGY STAR,1000257809
https://www.lowes.com//pd/Whirlpool-24-5-cu-ft-4-Door-French-Door-Refrigerator-with-Ice-Maker-Fingerprint-Resistant-Black-Stainless-ENERGY-STAR/1000233419,Whirlpool 24.5-cu ft 4-Door French Door Refrigerator with Ice Maker (Fingerprint-Resistant Black Stainless) ENERGY STAR,1000233419
https://www.lowes.com//pd/Samsung-27-4-cu-ft-Side-by-Side-Refrigerator-with-Ice-Maker-Fingerprint-Resistant-Black-Stainless-Steel/1002238478,Samsung 27.4-cu ft Side-by-Side Refrigerator with Ice Maker (Fingerprint-Resistant Black Stainless Steel),1002238478
https://www.lowes.com//collections/Frigidaire-French-Door-Refrigerator-Gas-Range-Suite-in-Black-Stainless-Steel/GR_369,Frigidaire French Door Refrigerator & Gas Range Suite in Black Stainless Steel,GR_369
https://www.lowes.com//pd/Frigidaire-26-8-cu-ft-French-Door-Refrigerator-with-Ice-Maker-Black-Stainless-Steel-ENERGY-STAR/1000262637,Frigidaire 26.8-cu ft French Door Refrigerator with Ice Maker (Black Stainless Steel) ENERGY STAR,1000262637
https://www.lowes.com//pd/Frigidaire-18-3-cu-ft-Top-Freezer-Refrigerator-White/1001165000,Frigidaire 18.3-cu ft Top-Freezer Refrigerator (White),1001165000
https://www.lowes.com//collections/Whirlpool-Side-by-Side-Refrigerator-Electric-Range-Suite-in-White/GR_314,Whirlpool Side-by-Side Refrigerator & Electric Range Suite in White,GR_314
https://www.lowes.com//pd/Whirlpool-24-5-cu-ft-Side-by-Side-Refrigerator-with-Ice-Maker-White/1000332343,Whirlpool 24.5-cu ft Side-by-Side Refrigerator with Ice Maker (White),1000332343
https://www.lowes.com//pd/Frigidaire-22-cu-ft-Side-by-Side-Refrigerator-with-Ice-Maker-White/1000245223,Frigidaire 22-cu ft Side-by-Side Refrigerator with Ice Maker (White),1000245223
https://www.lowes.com//pd/Whirlpool-20-5-cu-ft-Top-Freezer-Refrigerator-White/50297737,Whirlpool 20.5-cu ft Top-Freezer Refrigerator with Optional Ice Maker Kit- White,50297737
https://www.lowes.com//pd/Midea-18-cu-ft-Top-Freezer-Refrigerator-White-ENERGY-STAR/1002957234,Midea 18-cu ft Top-Freezer Refrigerator (White) ENERGY STAR,1002957234
https://www.lowes.com//pd/Frigidaire-20-4-cu-ft-Top-Freezer-Refrigerator-White/1000226525,Frigidaire 20.4-cu ft Top-Freezer Refrigerator (White),1000226525
https://www.lowes.com//collections/GE-Top-Freezer-21-9-cu-ft-Refrigerator-Electric-Range-Suite-in-White/GR_533,GE Top-Freezer 21.9-cu ft Refrigerator & Electric Range Suite in White,GR_533
https://www.lowes.com//pd/GE-Garage-Ready-21-9-cu-ft-Top-Freezer-Refrigerator-White/1001431370,GE Garage-Ready 21.9-cu ft Top-Freezer Refrigerator (White),1001431370
https://www.lowes.com//pd/LG-20-2-cu-ft-Top-Freezer-Refrigerator-White-ENERGY-STAR/1002886012,LG 20.2-cu ft Top-Freezer Refrigerator (White) ENERGY STAR,1002886012
https://www.lowes.com//pd/Frigidaire-18-cu-ft-Top-Freezer-Refrigerator-White/1000225701,Frigidaire 18-cu ft Top-Freezer Refrigerator (White),1000225701
https://www.lowes.com//pd/MARVEL-5-1-cu-ft-Built-In-Freestanding-Mini-Fridge-Panel-Ready/1000649615,MARVEL 5.1-cu ft Built-In/Freestanding Mini Fridge (Panel Ready),1000649615
https://www.lowes.com//pd/Fisher-Paykel-16-8-cu-ft-Counter-Depth-Built-In-French-Door-Refrigerator-with-Ice-Maker-Custom-Panel-Ready-ENERGY-STAR/1000563181,Fisher & Paykel 16.8-cu ft Counter-Depth Built-In French Door Refrigerator with Ice Maker (Custom Panel Ready) ENERGY STAR,1000563181
https://www.lowes.com//pd/KitchenAid-30-cu-ft-Built-In-Side-by-Side-Refrigerator-with-Ice-Maker-Panel-Ready/999908707,KitchenAid 30-cu ft Built-In Side-by-Side Refrigerator with Ice Maker (Panel Ready),999908707
https://www.lowes.com//pd/KitchenAid-4-9-cu-ft-Built-In-Freestanding-Mini-Fridge-Panel-Ready/50409146,KitchenAid 4.9-cu ft Built-In/Freestanding Mini Fridge (Panel Ready),50409146
https://www.lowes.com//pd/Fisher-Paykel-10-3-cu-ft-Built-in-French-Door-Refrigerator-with-Ice-Maker-Custom-panel-ready-ENERGY-STAR/1002891476,Fisher & Paykel 14.7-cu ft Counter-Depth Built-In French Door Refrigerator with Ice Maker (Custom Panel Ready) ENERGY STAR,1002891476
https://www.lowes.com//pd/Fisher-Paykel-7-95-cu-ft-Counter-Depth-Bottom-Freezer-Refrigerator-Gray-ENERGY-STAR/1002736888,Fisher & Paykel 7.95-cu ft Counter-Depth Bottom-Freezer Refrigerator (Gray) ENERGY STAR,1002736888
https://www.lowes.com//pd/Fisher-Paykel-10-3-cu-ft-Built-in-French-Door-Refrigerator-with-Ice-Maker-Custom-panel-ready-ENERGY-STAR/1002891472,Fisher & Paykel 14.7-cu ft Counter-Depth Built-In French Door Refrigerator with Ice Maker (Custom Panel Ready) ENERGY STAR,1002891472
https://www.lowes.com//pd/Frigidaire-3-3-cu-ft-Freestanding-Mini-Fridge-Silver-Mist/1000788204,Frigidaire 3.3-cu ft Freestanding Mini Fridge (Silver Mist),1000788204
https://www.lowes.com//collections/Hotpoint-Top-Freezer-Refrigerator-Electric-Range-Suite-in-White/GR_396,Hotpoint Top-Freezer Refrigerator & Electric Range Suite in White,GR_396
https://www.lowes.com//pd/Hotpoint-15-6-cu-ft-Top-Freezer-Refrigerator-White/1001079810,Hotpoint 15.6-cu ft Top-Freezer Refrigerator (White),1001079810
https://www.lowes.com//pd/Frigidaire-4-5-cu-ft-Freestanding-Mini-Fridge-Freezer-Compartment-Black-Stainless-Steel/1000940472,Frigidaire 4.5-cu ft Freestanding Mini Fridge Freezer Compartment (Black Stainless Steel),1000940472
https://www.lowes.com//collections/Whirlpool-Top-Freezer-Refrigerator-Gas-Range-Suite-in-Stainless-Steel/GR_318,Whirlpool Top-Freezer Refrigerator & Gas Range Suite in Stainless Steel,GR_318
https://www.lowes.com//pd/Whirlpool-17-6-cu-ft-Top-Freezer-Refrigerator-Monochromatic-Stainless-Steel/1000249051,Whirlpool 17.6-cu ft Top-Freezer Refrigerator with Optional Compatible EZ Connect Ice Maker Kit - Stainless Steel,1000249051
https://www.lowes.com//collections/GE-Top-Freezer-Refrigerator-Self-Cleaning-Electric-Range-Suite-in-White/GR_385,GE Top-Freezer Refrigerator & Self-Cleaning Electric Range Suite in White,GR_385
https://www.lowes.com//pd/GE-16-6-cu-ft-Top-Freezer-Refrigerator-White-ENERGY-STAR/1001079844,GE 16.6-cu ft Top-Freezer Refrigerator (White) ENERGY STAR,1001079844
https://www.lowes.com//pd/Whirlpool-14-3-cu-ft-Top-Freezer-Refrigerator-White/50284165,Whirlpool 14.3-cu ft Top-Freezer Refrigerator (White),50284165
https://www.lowes.com//collections/Whirlpool-French-Door-Refrigerator-Electric-Range-Suite-in-Stainless-Steel/GR_395,Whirlpool French Door Refrigerator & Electric Range Suite in Stainless Steel,GR_395
https://www.lowes.com//pd/Whirlpool-24-7-cu-ft-French-Door-Refrigerator-with-Ice-Maker-Fingerprint-Resistant-Stainless-Steel-ENERGY-STAR/1000092933,Whirlpool 24.7-cu ft 3-Door Counter-Depth 36-in French Door Refrigerator with Exterior Ice and Water Dispenser - Fingerprint Resistant Stainless Steel,1000092933
https://www.lowes.com//pd/Frigidaire-25-5-cu-ft-Side-by-Side-Refrigerator-with-Ice-Maker-Black/1000245231,Frigidaire 25.5-cu ft Side-by-Side Refrigerator with Ice Maker (Black),1000245231
https://www.lowes.com//collections/LG-Top-Freezer-Refrigerator-Electric-Range-Suite-in-Stainless-Steel/GR_542,LG Top-Freezer Refrigerator & Electric Range Suite in Stainless Steel,GR_542
https://www.lowes.com//collections/Whirlpool-Counter-Depth-Side-by-Side-Refrigerator-Electric-Range-Suite-in-Fingerprint-Resistant-Stainless-Steel/GR_302,Whirlpool Counter-Depth Side-by-Side Refrigerator & Electric Range Suite in Fingerprint-Resistant Stainless Steel,GR_302
https://www.lowes.com//pd/Samsung-21-1-cu-ft-Top-Freezer-Refrigerator-Stainless-Steel-ENERGY-STAR/1000217721,Samsung 21.1-cu ft Top-Freezer Refrigerator (Stainless Steel) ENERGY STAR,1000217721
https://www.lowes.com//pd/Samsung-24-6-cu-ft-French-Door-Refrigerator-with-Dual-Ice-Maker-Fingerprint-Resistant-Black-Stainless-Steel-ENERGY-STAR/999901085,Samsung 24.6-cu ft French Door Refrigerator with Dual Ice Maker (Fingerprint-Resistant Black Stainless Steel) ENERGY STAR,999901085
https://www.lowes.com//pd/Samsung-24-52-cu-ft-Side-by-Side-Refrigerator-with-Ice-Maker-Stainless-Steel/1000027155,Samsung 24.52-cu ft Side-by-Side Refrigerator with Ice Maker (Stainless Steel),1000027155
https://www.lowes.com//pd/Samsung-FlexZone-22-5-cu-ft-4-Door-Counter-depth-French-Door-Refrigerator-with-Ice-Maker-Stainless-Steel-ENERGY-STAR/50373900,Samsung FlexZone 22.5-cu ft 4-Door Counter-depth French Door Refrigerator with Ice Maker (Stainless Steel) ENERGY STAR,50373900
https://www.lowes.com//pd/Frigidaire-4-4-cu-ft-Freestanding-Mini-Fridge-Silver-Mist/1000551603,Frigidaire 4.4-cu ft Freestanding Mini Fridge (Silver Mist),1000551603
https://www.lowes.com//pd/Fisher-Paykel-ActiveSmart-16-3-cu-ft-Freezerless-Refrigerator-Stainless-ENERGY-STAR/1000731264,Fisher & Paykel ActiveSmart 16.3-cu ft Freezerless Refrigerator (Stainless) ENERGY STAR,1000731264
https://www.lowes.com//pd/Frigidaire-22-cu-ft-Counter-depth-Side-by-Side-Refrigerator-with-Ice-Maker-EasyCare-Stainless-Steel/1000833002,Frigidaire 22-cu ft Counter-depth Side-by-Side Refrigerator with Ice Maker (EasyCare Stainless Steel),1000833002
https://www.lowes.com//pd/Frigidaire-Gallery-22-cu-ft-Counter-depth-Side-by-Side-Refrigerator-with-Ice-Maker-Smudge-Proof-Stainless-Steel-ENERGY-STAR/1000289713,Frigidaire Gallery 22-cu ft Counter-depth Side-by-Side Refrigerator with Ice Maker (Smudge-Proof Stainless Steel) ENERGY STAR,1000289713
https://www.lowes.com//pd/Fisher-Paykel-ActiveSmart-16-3-cu-ft-Freezerless-Refrigerator-Stainless-ENERGY-STAR/1000731248,Fisher & Paykel ActiveSmart 16.3-cu ft Freezerless Refrigerator (Stainless) ENERGY STAR,1000731248
https://www.lowes.com//pd/Fisher-Paykel-ActiveSmart-16-3-cu-ft-Freezerless-Refrigerator-Stainless-ENERGY-STAR/1000731252,Fisher & Paykel ActiveSmart 16.3-cu ft Freezerless Refrigerator (Stainless) ENERGY STAR,1000731252
https://www.lowes.com//pd/Fisher-Paykel-ActiveSmart-12-4-cu-ft-Freezerless-Refrigerator-Stainless-ENERGY-STAR/1000731256,Fisher & Paykel ActiveSmart 12.4-cu ft Freezerless Refrigerator (Stainless) ENERGY STAR,1000731256
https://www.lowes.com//pd/Fisher-Paykel-ActiveSmart-12-4-cu-ft-Freezerless-Refrigerator-Stainless-ENERGY-STAR/1000731244,Fisher & Paykel ActiveSmart 12.4-cu ft Freezerless Refrigerator (Stainless) ENERGY STAR,1000731244
https://www.lowes.com//pd/Avallon-5-5-cu-ft-Freezerless-Refrigerator-Stainless-Steel/1001301384,Avallon 5.5-cu ft Freezerless Refrigerator (Stainless Steel),1001301384
https://www.lowes.com//pd/LG-14-3-cu-ft-Kimchi-and-Specialty-Food-Refrigerator-Platinum-Silver-ENERGY-STAR/1000399261,LG 14.3-cu ft Kimchi and Specialty Food Refrigerator (Platinum Silver) ENERGY STAR,1000399261
https://www.lowes.com//pd/Maxx-Ice-3-cu-ft-Freezerless-Refrigerator-Stainless-Steel/3735237,Maxx Ice 3-cu ft Freezerless Refrigerator (Stainless Steel),3735237
https://www.lowes.com//pd/Whirlpool-17-7-cu-ft-Freezerless-Refrigerator-White-ENERGY-STAR/1000056883,Whirlpool 17.7-cu ft Freezerless Refrigerator (White) ENERGY STAR,1000056883
https://www.lowes.com//pd/Avallon-5-5-cu-ft-Freezerless-Refrigerator-Stainless-Steel/1001301104,Avallon 5.5-cu ft Freezerless Refrigerator (Stainless Steel),1001301104
https://www.lowes.com//pd/Whirlpool-SideKick-17-7-cu-ft-Freezerless-Refrigerator-Monochromatic-Stainless-Steel/50303873,Whirlpool SideKick 17.7-cu ft Freezerless Refrigerator (Monochromatic Stainless Steel),50303873
https://www.lowes.com//pd/Danby-Designer-11-cu-ft-Freezerless-Refrigerator-White-ENERGY-STAR/1000485969,Danby Designer 11-cu ft Freezerless Refrigerator (White) ENERGY STAR,1000485969
https://www.lowes.com//pd/Frigidaire-3-1-cu-ft-Freestanding-Mini-Fridge-Freezer-Compartment-Silver-Mist/1000940476,Frigidaire 3.1-cu ft Freestanding Mini Fridge Freezer Compartment (Silver Mist),1000940476
https://www.lowes.com//collections/Samsung-French-Door-Refrigerator-Electric-Range-Suite-in-Stainless-Steel/GR_410,Samsung French Door Refrigerator & Electric Range Suite in Stainless Steel,GR_410
https://www.lowes.com//pd/Samsung-19-6-cu-ft-French-Door-Refrigerator-with-Ice-Maker-Fingerprint-Resistant-Stainless-Steel-ENERGY-STAR/1003081538,Samsung 28.2-cu ft French Door Refrigerator with Ice Maker (Fingerprint-Resistant Stainless Steel) ENERGY STAR,1003081538
https://www.lowes.com//pd/Samsung-221-21-6-cu-ft-French-Door-Refrigerator-with-Ice-Maker-Stainless-Steel/1000200399,Samsung 221 21.6-cu ft French Door Refrigerator with Ice Maker (Stainless Steel),1000200399
https://www.lowes.com//pd/Samsung-17-5-cu-ft-Counter-depth-French-Door-Refrigerator-with-Ice-Maker-Stainless-Steel/1000005992,Samsung 17.5-cu ft Counter-depth French Door Refrigerator with Ice Maker (Stainless Steel),1000005992
https://www.lowes.com//pd/Whirlpool-20-6-cu-ft-Counter-depth-Side-by-Side-Refrigerator-with-Ice-Maker-Fingerprint-Resistant-Stainless-Steel/1000356423,Whirlpool 20.6-cu ft Counter-depth Side-by-Side Refrigerator with Ice Maker (Fingerprint-Resistant Stainless Steel),1000356423
https://www.lowes.com//pd/LG-Internal-Water-Filter-23-8-cu-ft-Top-Freezer-Refrigerator-with-Ice-Maker-Stainless-Steel-ENERGY-STAR/1000853168,LG Internal Water Filter 23.8-cu ft Top-Freezer Refrigerator with Ice Maker (Stainless Steel) ENERGY STAR,1000853168
https://www.lowes.com//pd/LG-25-5-cu-ft-Bottom-Freezer-Refrigerator-with-Ice-Maker-Fingerprint-Resistant-Printproof-Stainless-Steel-ENERGY-STAR/1002543648,LG 25.5-cu ft Bottom-Freezer Refrigerator with Ice Maker (Fingerprint-Resistant Printproof Stainless Steel) ENERGY STAR,1002543648
https://www.lowes.com//collections/LG-Side-by-Side-Refrigerator-Electric-Range-Suite/GR_338,LG Side-by-Side Refrigerator & Electric Range Suite,GR_338
https://www.lowes.com//pd/LG-26-2-cu-ft-Side-by-Side-Refrigerator-with-Ice-Maker-Stainless-Steel/50270241,LG 26.2-cu ft Side-by-Side Refrigerator with Ice Maker (Stainless Steel),50270241
https://www.lowes.com//pd/LG-20-2-cu-ft-Top-Freezer-Refrigerator-Stainless-Steel-ENERGY-STAR/1001840510,LG 20.2-cu ft Top-Freezer Refrigerator (Stainless Steel) ENERGY STAR,1001840510
https://www.lowes.com//pd/Boelter-Brands-Atlanta-Falcons-0-614-cu-ft-Freestanding-Mini-Fridge-Black/1001095822,Boelter Brands 0.614-cu ft Freestanding Mini Fridge (Black),1001095822
https://www.lowes.com//pd/Boelter-Brands-Portable-Fridge-0-614-cu-ft-Freestanding-Mini-Fridge-Black/1001095972,Boelter Brands Portable Fridge 0.614-cu ft Freestanding Mini Fridge (Black),1001095972
https://www.lowes.com//pd/Boelter-Brands-New-Orleans-Saints-0-614-cu-ft-Freestanding-Mini-Fridge-Black/1001096002,Boelter Brands 0.614-cu ft Freestanding Mini Fridge (Black),1001096002
https://www.lowes.com//pd/Boelter-Brands-New-York-Jets-0-614-cu-ft-Freestanding-Mini-Fridge-Black/1001096022,Boelter Brands 0.614-cu ft Freestanding Mini Fridge (Black),1001096022
https://www.lowes.com//pd/Whirlpool-12-7-cu-ft-Bottom-Freezer-Refrigerator-Single-Ice-Maker-Fingerprint-Resistant-Stainless-Finish-ENERGY-STAR/1002887764,Whirlpool 12.7-cu ft Counter-Depth Bottom-Freezer Refrigerator with Ice Maker (Fingerprint-Resistant Stainless) ENERGY STAR,1002887764
https://www.lowes.com//pd/Whirlpool-19-4-cu-ft-4-Door-Counter-Depth-French-Door-Refrigerator-with-Ice-Maker-Fingerprint-Resistant-Metallic-Steel-ENERGY-STAR/1003095600,Whirlpool 19.4-cu ft 4-Door Counter-Depth French Door Refrigerator with Ice Maker (Fingerprint-Resistant Metallic Steel) ENERGY STAR,1003095600
https://www.lowes.com//pd/Frigidaire-18-3-cu-ft-Top-Freezer-Refrigerator-Easycare-Stainless-Steel/1001165036,Frigidaire 18.3-cu ft Top-Freezer Refrigerator (Easycare Stainless Steel),1001165036
https://www.lowes.com//pd/Danby-9-2-cu-ft-Bottom-Freezer-Refrigerator-Spotless-Steel-ENERGY-STAR/1000485997,Danby 9.2-cu ft Bottom-Freezer Refrigerator (Spotless Steel) ENERGY STAR,1000485997
https://www.lowes.com//pd/Whirlpool-22-07-cu-ft-Bottom-Freezer-Refrigerator-with-Ice-Maker-Black-ENERGY-STAR/50161483,Whirlpool 22.07-cu ft Bottom-Freezer Refrigerator with Ice Maker (Black) ENERGY STAR,50161483
https://www.lowes.com//pd/Whirlpool-18-7-cu-ft-Bottom-Freezer-Refrigerator-with-Ice-Maker-Stainless-Steel-ENERGY-STAR/50213441,Whirlpool 18.7-cu ft Bottom-Freezer Refrigerator with Ice Maker (Stainless Steel) ENERGY STAR,50213441
https://www.lowes.com//pd/Whirlpool-22-07-cu-ft-Bottom-Freezer-Refrigerator-with-Ice-Maker-White-ENERGY-STAR/50161487,Whirlpool 22.07-cu ft Bottom-Freezer Refrigerator with Ice Maker (White) ENERGY STAR,50161487
https://www.lowes.com//pd/Whirlpool-22-07-cu-ft-Bottom-Freezer-Refrigerator-with-Ice-Maker-Stainless-Steel-ENERGY-STAR/50161485,Whirlpool 22.07-cu ft Bottom-Freezer Refrigerator with Ice Maker (Stainless Steel) ENERGY STAR,50161485
https://www.lowes.com//pd/Boelter-Brands-Portable-Fridge-0-614-cu-ft-Freestanding-Mini-Fridge-Black/1001095952,Boelter Brands Portable Fridge 0.614-cu ft Freestanding Mini Fridge (Black),1001095952
https://www.lowes.com//pd/Boelter-Brands-Philadelphia-Eagles-0-614-cu-ft-Freestanding-Mini-Fridge-Black/1001096042,Boelter Brands 0.614-cu ft Freestanding Mini Fridge (Black),1001096042
